<RequestList>
  <RequestData>
    <RequestData>
      <Indent>0</Indent>
      <IntParam>0</IntParam>
      <ServiceName>InsertFrontCover</ServiceName>
      <Sequence>100000001</Sequence>
      <StringParam>D:/apache-tomcat-5.5.20/webapps/Audit/\clientTemp\cover.doc</StringParam>
      <DocName>66be3413-45ce-4f3d-b1a7-23d013a0500812107</DocName>
      <SplitParam>%orgName%演示项目测试333@%projectName%演示项目测试333@%creatName%审计部@%creatDate%2013年09月14日</SplitParam>
    </RequestData>
    <RequestData>
      <Indent>0</Indent>
      <IntParam>0</IntParam>
      <ServiceName>InsertTemplate</ServiceName>
      <Sequence>100000002</Sequence>
      <StringParam>D:/apache-tomcat-5.5.20/webapps/Audit/\clientTemp\directory.doc</StringParam>
      <Filename>directory.doc</Filename>
      <DocName>66be3413-45ce-4f3d-b1a7-23d013a0500812107</DocName>
      <SplitParam>%projectName%演示项目测试333@%auditPeriod%2013-09-11@%hr%麦搏@%merber%卢俊英,陈春桃,肖嘉丽,林根亮,李欣,麦搏,吴锡明,卢利娟,张颖,邓钧元,刘宇金@%count%1@%storageLife%短期@%creatName%审计部@%creatDate%2013年09月14日</SplitParam>
    </RequestData>
    <RequestData>
      <Indent>0</Indent>
      <IntParam>0</IntParam>
      <ServiceName>InsertPageBreak</ServiceName>
      <Sequence>100000003</Sequence>
      <DocName>66be3413-45ce-4f3d-b1a7-23d013a0500812107</DocName>
    </RequestData>
    <RequestData>
      <Indent>0</Indent>
      <IntParam>0</IntParam>
      <ServiceName>InsertTitle</ServiceName>
      <Sequence>100000004</Sequence>
      <StringParam>目录</StringParam>
      <DocName>66be3413-45ce-4f3d-b1a7-23d013a0500812107</DocName>
    </RequestData>
    <RequestData>
      <Indent>0</Indent>
      <IntParam>0</IntParam>
      <ServiceName>InsertBookmark</ServiceName>
      <Sequence>100000005</Sequence>
      <StringParam>IndexBookmark</StringParam>
      <DocName>66be3413-45ce-4f3d-b1a7-23d013a0500812107</DocName>
    </RequestData>
    <RequestData>
      <Indent>0</Indent>
      <IntParam>0</IntParam>
      <ServiceName>InsertPageBreak</ServiceName>
      <Sequence>100000006</Sequence>
      <DocName>66be3413-45ce-4f3d-b1a7-23d013a0500812107</DocName>
    </RequestData>
    <RequestData>
      <Indent>0</Indent>
      <IntParam>0</IntParam>
      <ServiceName>InsertTitle</ServiceName>
      <Sequence>100000007</Sequence>
      <StringParam>演示项目测试333</StringParam>
      <DocName>66be3413-45ce-4f3d-b1a7-23d013a0500812107</DocName>
    </RequestData>
    <RequestData>
      <Indent>0</Indent>
      <IntParam>2</IntParam>
      <ServiceName>InsertLineBreak</ServiceName>
      <Sequence>100000008</Sequence>
      <DocName>66be3413-45ce-4f3d-b1a7-23d013a0500812107</DocName>
    </RequestData>
    <RequestData>
      <Indent>0</Indent>
      <IntParam>1</IntParam>
      <ServiceName>InsertHeading</ServiceName>
      <Sequence>100000009</Sequence>
      <StringParam>1. 立项性文件材料</StringParam>
      <DocName>66be3413-45ce-4f3d-b1a7-23d013a0500812107</DocName>
    </RequestData>
    <RequestData>
      <Indent>0</Indent>
      <IntParam>0</IntParam>
      <ServiceName>InsertContent</ServiceName>
      <Sequence>100000010</Sequence>
      <DocName>66be3413-45ce-4f3d-b1a7-23d013a0500812107</DocName>
    </RequestData>
    <RequestData>
      <Indent>0</Indent>
      <IntParam>0</IntParam>
      <ServiceName>InsertObject</ServiceName>
      <Sequence>100000011</Sequence>
      <StringParam>D:\apache-tomcat-5.5.20\webapps\Audit\clientTemp\209e8f7e-31ee-4649-974c-0e7e1b278925null_1369969067593_4.doc</StringParam>
      <Filename>209e8f7e-31ee-4649-974c-0e7e1b278925null_1369969067593_4.doc</Filename>
      <DocName>66be3413-45ce-4f3d-b1a7-23d013a0500812107</DocName>
    </RequestData>
    <RequestData>
      <Indent>0</Indent>
      <IntParam>0</IntParam>
      <ServiceName>InsertObject</ServiceName>
      <Sequence>100000012</Sequence>
      <StringParam>D:\apache-tomcat-5.5.20\webapps\Audit\clientTemp\d09b7351-dd61-4ee6-bc54-b153aeda85ce1372988528156.doc</StringParam>
      <Filename>d09b7351-dd61-4ee6-bc54-b153aeda85ce1372988528156.doc</Filename>
      <DocName>66be3413-45ce-4f3d-b1a7-23d013a0500812107</DocName>
    </RequestData>
    <RequestData>
      <Indent>0</Indent>
      <IntParam>0</IntParam>
      <ServiceName>InsertContent</ServiceName>
      <Sequence>100000013</Sequence>
      <StringParam>附件上传测试- - </StringParam>
      <DocName>66be3413-45ce-4f3d-b1a7-23d013a0500812107</DocName>
    </RequestData>
    <RequestData>
      <Indent>0</Indent>
      <IntParam>0</IntParam>
      <ServiceName>InsertObject</ServiceName>
      <Sequence>100000014</Sequence>
      <StringParam>D:\apache-tomcat-5.5.20\webapps\Audit\clientTemp\ecbf4647-2403-4099-9a20-0fc82419ca59com.gdtopway.work.domain.AuditInformation_1375168017000_1.jpg</StringParam>
      <Filename>ecbf4647-2403-4099-9a20-0fc82419ca59com.gdtopway.work.domain.AuditInformation_1375168017000_1.jpg</Filename>
      <DocName>66be3413-45ce-4f3d-b1a7-23d013a0500812107</DocName>
    </RequestData>
    <RequestData>
      <Indent>0</Indent>
      <IntParam>1</IntParam>
      <ServiceName>InsertHeading</ServiceName>
      <Sequence>100000015</Sequence>
      <StringParam>2. 结论性文件材料</StringParam>
      <DocName>66be3413-45ce-4f3d-b1a7-23d013a0500812107</DocName>
    </RequestData>
    <RequestData>
      <Indent>0</Indent>
      <IntParam>0</IntParam>
      <ServiceName>InsertContent</ServiceName>
      <Sequence>100000016</Sequence>
      <DocName>66be3413-45ce-4f3d-b1a7-23d013a0500812107</DocName>
    </RequestData>
    <RequestData>
      <Indent>0</Indent>
      <IntParam>0</IntParam>
      <ServiceName>InsertObject</ServiceName>
      <Sequence>100000017</Sequence>
      <StringParam>D:\apache-tomcat-5.5.20\webapps\Audit\clientTemp\1957c806-76a9-454a-9270-92567ecd70e91372988528156.doc</StringParam>
      <Filename>1957c806-76a9-454a-9270-92567ecd70e91372988528156.doc</Filename>
      <DocName>66be3413-45ce-4f3d-b1a7-23d013a0500812107</DocName>
    </RequestData>
    <RequestData>
      <Indent>0</Indent>
      <IntParam>0</IntParam>
      <ServiceName>InsertContent</ServiceName>
      <Sequence>100000018</Sequence>
      <StringParam>sdfsdfsdf</StringParam>
      <DocName>66be3413-45ce-4f3d-b1a7-23d013a0500812107</DocName>
    </RequestData>
    <RequestData>
      <Indent>0</Indent>
      <IntParam>0</IntParam>
      <ServiceName>InsertObject</ServiceName>
      <Sequence>100000019</Sequence>
      <StringParam>D:\apache-tomcat-5.5.20\webapps\Audit\clientTemp\d455c810-ae15-4f48-8c41-36c0892f1c94com.gdtopway.work.domain.AuditInformation_1374655375926_1.doc</StringParam>
      <Filename>d455c810-ae15-4f48-8c41-36c0892f1c94com.gdtopway.work.domain.AuditInformation_1374655375926_1.doc</Filename>
      <DocName>66be3413-45ce-4f3d-b1a7-23d013a0500812107</DocName>
    </RequestData>
    <RequestData>
      <Indent>0</Indent>
      <IntParam>1</IntParam>
      <ServiceName>InsertHeading</ServiceName>
      <Sequence>100000020</Sequence>
      <StringParam>3. 证明性文件材料</StringParam>
      <DocName>66be3413-45ce-4f3d-b1a7-23d013a0500812107</DocName>
    </RequestData>
    <RequestData>
      <Indent>0</Indent>
      <IntParam>0</IntParam>
      <ServiceName>InsertContent</ServiceName>
      <Sequence>100000021</Sequence>
      <DocName>66be3413-45ce-4f3d-b1a7-23d013a0500812107</DocName>
    </RequestData>
    <RequestData>
      <Indent>0</Indent>
      <IntParam>0</IntParam>
      <ServiceName>InsertObject</ServiceName>
      <Sequence>100000022</Sequence>
      <StringParam>D:\apache-tomcat-5.5.20\webapps\Audit\clientTemp\2f92c940-ae43-4271-8969-54bc74cc31621372988528156.doc</StringParam>
      <Filename>2f92c940-ae43-4271-8969-54bc74cc31621372988528156.doc</Filename>
      <DocName>66be3413-45ce-4f3d-b1a7-23d013a0500812107</DocName>
    </RequestData>
    <RequestData>
      <Indent>0</Indent>
      <IntParam>0</IntParam>
      <ServiceName>InsertContent</ServiceName>
      <Sequence>100000023</Sequence>
      <StringParam>ggg</StringParam>
      <DocName>66be3413-45ce-4f3d-b1a7-23d013a0500812107</DocName>
    </RequestData>
    <RequestData>
      <Indent>0</Indent>
      <IntParam>0</IntParam>
      <ServiceName>InsertObject</ServiceName>
      <Sequence>100000024</Sequence>
      <StringParam>D:\apache-tomcat-5.5.20\webapps\Audit\clientTemp\ac825efa-51e9-4baa-a1f6-7bf243514f93com.gdtopway.work.domain.AuditInformation_1375168002531_1.png</StringParam>
      <Filename>ac825efa-51e9-4baa-a1f6-7bf243514f93com.gdtopway.work.domain.AuditInformation_1375168002531_1.png</Filename>
      <DocName>66be3413-45ce-4f3d-b1a7-23d013a0500812107</DocName>
    </RequestData>
    <RequestData>
      <Indent>0</Indent>
      <IntParam>1</IntParam>
      <ServiceName>InsertHeading</ServiceName>
      <Sequence>100000025</Sequence>
      <StringParam>4. 备查性文件材料</StringParam>
      <DocName>66be3413-45ce-4f3d-b1a7-23d013a0500812107</DocName>
    </RequestData>
    <RequestData>
      <Indent>0</Indent>
      <IntParam>0</IntParam>
      <ServiceName>InsertContent</ServiceName>
      <Sequence>100000026</Sequence>
      <DocName>66be3413-45ce-4f3d-b1a7-23d013a0500812107</DocName>
    </RequestData>
    <RequestData>
      <Indent>0</Indent>
      <IntParam>0</IntParam>
      <ServiceName>InsertIndex</ServiceName>
      <Sequence>100000027</Sequence>
      <DocName>66be3413-45ce-4f3d-b1a7-23d013a0500812107</DocName>
    </RequestData>
  </RequestData>
</RequestList>